Date,Time,Animal,Count
2009-04-22,19:47,Muskox,7
2009-04-22,08:41,Elk,35
2009-04-22,12:20,Owl,21
2009-04-22,14:30,Wolverine,25
2009-04-22,06:03,Fox,19
2009-04-23,04:00,Elk,2
2009-04-23,03:10,Owl,23
2009-04-23,20:54,Owl,18
2009-04-23,09:38,Grizzly,37
2009-04-23,21:37,Moose,1
2009-04-23,16:16,Wolverine,4
2009-04-23,04:22,Muskox,42
2009-04-23,17:18,Moose,40
2009-04-23,07:35,Ptarmigan,30
2009-04-24,06:36,Fox,1
2009-04-24,12:56,Fox,7
2009-04-24,02:47,Moose,41
2009-04-25,16:43,Grizzly,24
2009-04-25,17:35,Elk,34
2009-04-26,14:23,Wolverine,4
2009-04-27,20:09,Muskox,37
2009-04-28,12:22,Muskox,16
2009-04-28,00:55,Wolverine,10
2009-04-28,23:54,Wolverine,35
2009-04-29,05:39,Elk,1
2009-04-29,06:00,Wolverine,29
2009-04-30,14:26,Ptarmigan,14
2009-05-01,18:07,Fox,27
2009-05-02,18:03,Wolf,19
2009-05-03,10:32,Ptarmigan,37
2009-05-03,08:53,Wolverine,12
2009-05-03,04:50,Wolverine,23
2009-05-04,16:21,Owl,21
2009-05-04,12:22,Fox,18
2009-05-04,21:24,Owl,35
2009-05-04,03:57,Wolverine,22
2009-05-05,19:07,Fox,33
2009-05-05,19:52,Moose,33
2009-05-06,05:49,Owl,38
2009-05-06,07:55,Muskox,20
2009-05-07,19:35,Wolf,36
2009-05-08,13:23,Grizzly,34
2009-05-09,12:12,Ptarmigan,38
2009-05-10,10:21,Ptarmigan,10
2009-05-11,20:56,Moose,42
2009-05-11,03:14,Grizzly,39
2009-05-11,02:15,Wolverine,5
2009-05-11,20:19,Wolverine,31
2009-05-11,18:36,Owl,6
2009-05-11,15:32,Elk,3
2009-05-11,07:00,Wolverine,39
2009-05-11,07:12,Owl,39
2009-05-11,03:39,Wolf,4
2009-05-11,16:44,Owl,28
2009-05-11,01:13,Grizzly,2
2009-05-11,05:11,Ptarmigan,20
2009-05-11,02:53,Wolf,31
2009-05-11,14:37,Grizzly,17
2009-05-12,17:22,Grizzly,31
2009-05-13,21:27,Moose,17
2009-05-13,14:56,Grizzly,35
2009-05-13,07:32,Wolverine,5
2009-05-14,10:49,Grizzly,9
2009-05-14,04:46,Muskox,7
2009-05-14,03:25,Fox,30
2009-05-15,11:36,Fox,25
2009-05-15,07:27,Wolverine,24
2009-05-15,16:56,Fox,15
2009-05-15,23:24,Fox,9
2009-05-15,04:34,Elk,3
2009-05-16,05:12,Fox,6
2009-05-17,07:03,Owl,27
2009-05-18,14:10,Grizzly,29
2009-05-19,17:49,Owl,30
2009-05-19,10:38,Fox,37
2009-05-19,00:43,Fox,32
2009-05-20,15:19,Moose,20
2009-05-21,22:22,Fox,21
2009-05-22,10:59,Wolf,15
2009-05-22,06:58,Ptarmigan,40
2009-05-22,02:54,Wolverine,34
2009-05-23,04:11,Fox,25
2009-05-23,18:40,Moose,32
2009-05-24,13:05,Elk,16
2009-05-25,23:18,Elk,31
2009-05-25,15:33,Owl,3
2009-05-26,22:08,Muskox,26
2009-05-26,02:05,Wolverine,36
2009-05-26,04:13,Wolverine,35
2009-05-27,19:33,Grizzly,16
2009-05-28,07:26,Wolverine,25
2009-05-28,02:23,Ptarmigan,27
2009-05-29,23:32,Ptarmigan,33
2009-05-30,09:41,Wolverine,33
2009-05-30,18:46,Wolverine,39
2009-05-30,07:07,Ptarmigan,34
2009-05-30,22:13,Elk,28
2009-05-30,12:53,Wolverine,14
2009-05-31,02:19,Grizzly,21
2009-05-31,08:44,Wolverine,19
2009-05-31,23:13,Moose,2
2009-06-01,17:51,Wolf,33
2009-06-01,13:48,Fox,11
2009-06-02,04:46,Fox,35
2009-06-03,16:44,Moose,34
2009-06-03,10:10,Grizzly,5
2009-06-03,18:57,Elk,33
2009-06-04,15:46,Muskox,23
2009-06-04,21:34,Ptarmigan,1
2009-06-04,00:26,Wolf,19
2009-06-04,01:46,Muskox,26
2009-06-04,01:03,Ptarmigan,42
2009-06-05,09:40,Owl,21
2009-06-05,00:18,Wolf,4
2009-06-05,23:43,Ptarmigan,22
2009-06-06,02:20,Grizzly,10
2009-06-06,06:34,Moose,32
2009-06-07,05:17,Wolverine,15
2009-06-08,19:53,Fox,40
2009-06-08,13:21,Moose,31
2009-06-09,03:38,Fox,30
2009-06-10,15:57,Fox,29
2009-06-11,14:49,Elk,7
2009-06-11,13:48,Elk,36
2009-06-12,19:22,Wolf,1
2009-06-13,16:42,Ptarmigan,21
2009-06-13,19:13,Muskox,9
2009-06-13,05:23,Fox,11
2009-06-14,11:19,Ptarmigan,10
2009-06-15,07:30,Moose,13
2009-06-15,11:11,Elk,18
2009-06-16,08:12,Muskox,37
2009-06-17,19:18,Fox,10
2009-06-18,18:16,Owl,35
2009-06-18,09:50,Muskox,18
2009-06-18,10:56,Elk,23
2009-06-18,16:25,Moose,30
2009-06-19,12:09,Ptarmigan,12
2009-06-19,09:20,Wolf,2
2009-06-20,11:49,Wolf,29
2009-06-21,06:49,Owl,19
2009-06-22,02:02,Wolverine,7
2009-06-23,00:56,Grizzly,14
2009-06-24,01:03,Wolverine,26
2009-06-25,04:01,Elk,3
2009-06-26,18:17,Ptarmigan,9
2009-06-27,19:32,Elk,30
2009-06-27,06:12,Ptarmigan,29
2009-06-27,06:34,Fox,23
2009-06-27,07:40,Ptarmigan,7
2009-06-28,14:27,Owl,14
2009-06-28,19:28,Elk,32
2009-06-29,22:33,Moose,36
2009-06-30,18:41,Moose,29
2009-06-30,22:23,Grizzly,31
2009-07-01,00:55,Wolverine,35
2009-07-02,14:42,Wolverine,35
2009-07-03,23:35,Fox,9
2009-07-03,07:33,Elk,35
2009-07-04,11:22,Wolverine,23
2009-07-04,06:39,Muskox,1
2009-07-04,21:50,Wolverine,8
2009-07-04,17:34,Elk,20
2009-07-04,03:52,Wolf,37
2009-07-04,10:41,Owl,5
2009-07-04,10:55,Elk,28
2009-07-04,14:09,Grizzly,14
2009-07-05,11:20,Fox,40
2009-07-06,17:31,Muskox,38
2009-07-06,08:06,Muskox,33
2009-07-06,19:22,Owl,17
2009-07-07,17:50,Elk,26
2009-07-07,08:16,Ptarmigan,7
2009-07-08,23:32,Muskox,30
2009-07-08,11:17,Owl,40
2009-07-08,03:55,Owl,33
2009-07-08,17:52,Owl,9
2009-07-08,09:19,Wolf,29
2009-07-09,08:50,Fox,32
2009-07-09,00:39,Elk,29
2009-07-10,20:28,Owl,26
2009-07-10,09:36,Muskox,10
2009-07-11,09:43,Wolverine,14
2009-07-12,07:43,Fox,7
2009-07-12,04:53,Owl,25
2009-07-12,23:26,Moose,14
2009-07-12,06:37,Muskox,11
2009-07-13,08:47,Owl,40
2009-07-14,07:57,Muskox,36
2009-07-14,09:21,Elk,42
2009-07-14,03:23,Muskox,14
2009-07-15,18:00,Elk,35
2009-07-16,23:53,Fox,4
2009-07-17,11:30,Moose,5
2009-07-17,14:02,Muskox,41
2009-07-17,22:27,Fox,37
2009-07-18,01:59,Fox,30
2009-07-18,09:55,Muskox,29
2009-07-19,10:05,Ptarmigan,27
2009-07-20,10:11,Grizzly,30
2009-07-20,01:32,Ptarmigan,20
2009-07-21,06:53,Ptarmigan,33
2009-07-21,17:51,Fox,31
2009-07-21,02:44,Moose,27
2009-07-21,09:18,Muskox,22
2009-07-22,16:09,Muskox,5
2009-07-22,11:50,Ptarmigan,33
2009-07-22,02:10,Fox,32
2009-07-23,16:59,Wolverine,26
2009-07-24,23:46,Fox,8
2009-07-25,22:21,Wolverine,4
2009-07-25,03:25,Moose,4
2009-07-25,15:07,Moose,18
2009-07-26,06:31,Moose,4
2009-07-26,06:13,Elk,11
2009-07-27,02:49,Muskox,29
2009-07-28,16:19,Ptarmigan,11
2009-07-28,18:50,Fox,26
2009-07-28,08:45,Ptarmigan,26
2009-07-29,07:50,Muskox,26
2009-07-30,12:37,Grizzly,20
2009-07-30,05:28,Ptarmigan,38
2009-07-30,21:08,Muskox,25
2009-07-31,16:53,Ptarmigan,23
2009-07-31,22:59,Ptarmigan,12
2009-08-01,22:26,Elk,42
2009-08-01,08:12,Moose,19
2009-08-02,00:52,Wolf,20
2009-08-02,12:43,Owl,12
2009-08-02,05:37,Grizzly,24
2009-08-02,00:14,Owl,30
2009-08-02,06:19,Elk,10
2009-08-03,10:00,Elk,5
2009-08-03,06:50,Grizzly,20
2009-08-03,21:45,Owl,39
2009-08-03,07:56,Ptarmigan,2
2009-08-04,07:33,Elk,12
2009-08-04,07:42,Owl,40
2009-08-05,17:13,Wolverine,13
2009-08-06,13:55,Fox,20
2009-08-06,05:28,Muskox,1
2009-08-06,03:42,Wolverine,30
2009-08-07,20:36,Ptarmigan,39
2009-08-07,21:27,Wolverine,3
2009-08-08,12:08,Wolf,27
2009-08-08,05:26,Muskox,27
2009-08-08,12:03,Ptarmigan,29
2009-08-08,00:04,Grizzly,27
2009-08-09,12:32,Wolf,41
2009-08-10,18:10,Muskox,25
2009-08-11,13:07,Wolverine,16
2009-08-11,05:08,Wolverine,11
2009-08-11,02:17,Fox,21
2009-08-11,14:09,Fox,2
2009-08-11,02:44,Wolverine,28
2009-08-12,04:03,Grizzly,24
2009-08-13,09:36,Wolverine,23
2009-08-13,08:00,Moose,33
2009-08-13,06:53,Fox,41
2009-08-14,13:24,Moose,14
2009-08-14,13:01,Fox,41
2009-08-14,02:15,Fox,31
2009-08-14,21:13,Moose,29
2009-08-14,21:12,Moose,18
2009-08-14,10:56,Owl,37
2009-08-14,11:20,Wolverine,39
2009-08-15,07:44,Ptarmigan,10
2009-08-15,07:47,Moose,42
2009-08-15,00:50,Wolf,1
2009-08-16,06:13,Fox,32
2009-08-17,04:49,Wolf,38
2009-08-18,12:08,Moose,27
2009-08-18,01:34,Owl,41
2009-08-19,14:31,Wolf,17
2009-08-20,19:58,Ptarmigan,12
2009-08-20,17:16,Wolverine,2
2009-08-20,14:35,Elk,19
2009-08-20,02:22,Ptarmigan,16
2009-08-21,22:35,Fox,7
2009-08-22,21:01,Fox,8
2009-08-23,10:42,Muskox,35
2009-08-24,08:45,Fox,31
2009-08-24,08:57,Moose,2
2009-08-25,20:39,Grizzly,16
2009-08-26,04:41,Ptarmigan,27
2009-08-26,13:58,Ptarmigan,31
2009-08-26,20:27,Elk,5
2009-08-26,21:17,Moose,12
2009-08-26,16:49,Owl,32
2009-08-26,07:10,Wolverine,32
2009-08-27,14:38,Wolf,25
2009-08-27,17:33,Owl,24
2009-08-27,11:48,Elk,36
2009-08-28,19:14,Ptarmigan,23
2009-08-28,20:37,Wolverine,40
2009-08-29,09:56,Wolf,8
2009-08-29,01:21,Wolverine,36
2009-08-29,23:52,Owl,29
2009-08-30,10:21,Muskox,2
2009-08-31,18:21,Owl,16
2009-09-01,01:04,Wolf,24
2009-09-01,02:04,Moose,40
2009-09-01,19:16,Ptarmigan,14
2009-09-01,08:21,Muskox,34
2009-09-02,02:23,Muskox,33
2009-09-02,21:33,Muskox,19
2009-09-02,11:12,Muskox,12
2009-09-02,18:31,Owl,5
2009-09-03,23:17,Owl,37
2009-09-03,23:38,Grizzly,35
2009-09-03,21:34,Moose,38
2009-09-03,20:37,Grizzly,16
2009-09-03,19:50,Ptarmigan,1
2009-09-03,06:53,Elk,25
2009-09-04,00:15,Fox,16
2009-09-05,22:40,Owl,19
2009-09-05,12:42,Fox,1
2009-09-05,06:04,Ptarmigan,24
2009-09-06,00:48,Ptarmigan,21
2009-09-06,22:53,Muskox,15
2009-09-07,11:19,Moose,42
2009-09-08,23:16,Owl,27
2009-09-09,01:02,Wolverine,27
2009-09-10,19:50,Grizzly,30
2009-09-11,21:14,Muskox,21
2009-09-12,04:53,Elk,14
2009-09-12,17:42,Wolf,11
2009-09-12,21:32,Muskox,23
2009-09-13,18:12,Wolverine,3
2009-09-13,03:10,Moose,32
2009-09-14,17:23,Moose,34
2009-09-15,16:03,Muskox,36
2009-09-15,07:27,Elk,8
2009-09-15,17:09,Elk,42
2009-09-16,20:10,Wolverine,15
2009-09-16,16:23,Grizzly,27
2009-09-16,23:36,Elk,25
2009-09-17,23:11,Owl,21
2009-09-18,11:19,Owl,6
2009-09-19,21:23,Wolverine,41
2009-09-20,19:42,Fox,21
2009-09-20,09:36,Moose,25
2009-09-20,07:22,Ptarmigan,29
2009-09-21,04:52,Wolf,18
2009-09-21,23:33,Ptarmigan,12
2009-09-21,12:55,Wolf,24
2009-09-22,17:44,Grizzly,10
2009-09-22,16:50,Owl,7
2009-09-23,16:57,Elk,5
2009-09-24,23:46,Muskox,21
2009-09-25,10:47,Grizzly,24
2009-09-25,06:42,Moose,13
2009-09-25,05:51,Ptarmigan,23
2009-09-26,21:40,Owl,19
2009-09-26,12:36,Wolverine,27
2009-09-27,10:45,Fox,5
2009-09-27,21:29,Wolf,3
2009-09-28,21:51,Fox,31
2009-09-28,14:36,Wolverine,3
2009-09-29,16:10,Fox,7
2009-09-30,01:38,Elk,25
2009-09-30,22:10,Ptarmigan,13
2009-10-01,10:11,Elk,18
2009-10-01,20:19,Fox,9
2009-10-01,11:25,Fox,2
2009-10-01,02:57,Fox,41
2009-10-01,06:31,Elk,27
2009-10-01,05:17,Muskox,2
2009-10-01,20:57,Wolf,9
2009-10-01,10:35,Moose,4
2009-10-01,09:45,Elk,42
2009-10-01,03:18,Owl,28
2009-10-02,01:44,Muskox,35
2009-10-02,23:18,Moose,18
2009-10-03,13:33,Ptarmigan,29
2009-10-04,06:10,Muskox,26
2009-10-05,12:22,Ptarmigan,6
2009-10-06,05:19,Elk,26
2009-10-06,10:42,Grizzly,41
2009-10-07,07:49,Muskox,26
2009-10-08,18:58,Fox,21
2009-10-08,12:27,Ptarmigan,27
2009-10-09,05:01,Owl,11
2009-10-10,06:41,Wolverine,24
2009-10-11,20:43,Ptarmigan,13
2009-10-11,00:05,Ptarmigan,37
2009-10-12,23:57,Wolverine,33
2009-10-13,12:54,Muskox,8
2009-10-13,12:25,Ptarmigan,32
2009-10-14,03:36,Muskox,23
2009-10-15,04:55,Grizzly,23
2009-10-15,04:52,Elk,41
2009-10-16,22:56,Elk,37
2009-10-16,18:16,Wolf,17
2009-10-16,02:42,Moose,42
2009-10-17,19:35,Muskox,13
2009-10-17,04:50,Elk,28
2009-10-17,21:34,Elk,31
2009-10-17,22:46,Moose,19
2009-10-17,22:59,Wolf,9
2009-10-18,02:03,Fox,36
2009-10-18,04:45,Ptarmigan,27
2009-10-19,07:37,Fox,10
2009-10-19,13:48,Grizzly,35
2009-10-20,14:35,Wolf,38
2009-10-21,23:32,Moose,27
2009-10-21,17:56,Owl,39
2009-10-21,12:21,Muskox,37
2009-10-22,06:40,Ptarmigan,42
2009-10-22,09:37,Wolverine,3
2009-10-23,00:39,Ptarmigan,32
2009-10-23,11:03,Ptarmigan,16
2009-10-24,02:00,Owl,6
2009-10-25,08:18,Owl,22
2009-10-26,05:11,Fox,23
2009-10-27,08:06,Elk,1
2009-10-27,05:55,Moose,2
2009-10-28,11:57,Moose,1
2009-10-28,03:01,Muskox,38
2009-10-29,18:20,Muskox,32
2009-10-30,14:46,Moose,28
2009-10-31,18:29,Ptarmigan,34
2009-10-31,01:19,Fox,7
2009-11-01,15:29,Moose,30
2009-11-01,18:05,Fox,14
2009-11-01,14:47,Grizzly,6
2009-11-01,09:54,Muskox,31
2009-11-02,02:49,Moose,7
2009-11-03,12:32,Elk,25
2009-11-03,14:44,Owl,21
2009-11-04,00:17,Fox,24
2009-11-05,20:46,Wolverine,25
2009-11-05,13:36,Wolverine,12
2009-11-05,18:58,Fox,4
2009-11-06,18:24,Grizzly,22
2009-11-06,14:06,Muskox,17
2009-11-06,08:00,Wolf,7
2009-11-07,23:33,Wolverine,2
2009-11-08,22:41,Wolf,20
2009-11-08,04:21,Ptarmigan,14
2009-11-08,00:12,Grizzly,31
2009-11-09,02:15,Ptarmigan,31
2009-11-09,10:40,Moose,38
2009-11-10,06:17,Ptarmigan,13
2009-11-11,00:20,Grizzly,21
2009-11-12,00:01,Owl,14
2009-11-13,21:22,Grizzly,9
2009-11-13,11:24,Owl,16
2009-11-14,15:30,Fox,6
2009-11-14,18:38,Ptarmigan,36
2009-11-14,01:05,Wolverine,35
2009-11-14,19:01,Ptarmigan,2
2009-11-14,14:25,Owl,42
2009-11-15,02:36,Wolverine,38
2009-11-16,02:54,Grizzly,7
2009-11-17,19:57,Wolverine,37
2009-11-17,18:24,Grizzly,35
2009-11-17,01:34,Fox,14
2009-11-18,13:49,Wolf,5
2009-11-19,15:11,Ptarmigan,22
2009-11-20,16:05,Muskox,34
2009-11-21,08:16,Fox,8
2009-11-21,07:20,Owl,36
2009-11-22,16:04,Wolverine,31
2009-11-22,02:53,Wolf,5
2009-11-22,10:02,Elk,9
2009-11-22,20:24,Moose,7
2009-11-23,11:20,Fox,31
2009-11-24,17:33,Elk,4
2009-11-24,21:25,Muskox,42
2009-11-25,20:16,Wolf,21
2009-11-25,03:08,Muskox,4
2009-11-25,18:05,Elk,20
2009-11-25,18:16,Owl,11
2009-11-25,18:43,Muskox,10
2009-11-26,07:31,Moose,27
2009-11-26,09:03,Elk,9
2009-11-27,05:53,Fox,2
2009-11-27,01:41,Fox,20
2009-11-27,07:51,Moose,10
2009-11-28,02:30,Owl,36
2009-11-29,00:29,Moose,8
2009-11-30,20:08,Wolverine,12
2009-11-30,18:23,Wolf,41
2009-12-01,16:52,Moose,25
2009-12-01,00:12,Wolverine,31
2009-12-02,13:50,Grizzly,21
2009-12-02,15:07,Fox,6
2009-12-03,13:49,Muskox,39
2009-12-03,14:29,Elk,33
2009-12-04,17:00,Wolverine,38
2009-12-05,14:54,Ptarmigan,6
2009-12-05,08:55,Wolf,29
2009-12-05,10:58,Owl,1
2009-12-05,23:58,Grizzly,14
2009-12-06,20:22,Fox,21
2009-12-06,13:43,Ptarmigan,14
2009-12-06,02:14,Elk,9
2009-12-07,19:51,Grizzly,32
2009-12-08,17:58,Owl,7
2009-12-08,05:30,Fox,4
2009-12-09,08:55,Moose,21
2009-12-09,05:44,Fox,20
2009-12-09,19:41,Moose,33
2009-12-09,22:10,Ptarmigan,17
2009-12-10,22:57,Elk,16
2009-12-11,00:44,Wolverine,16
2009-12-11,03:54,Ptarmigan,30
2009-12-12,15:01,Wolf,25
2009-12-13,11:39,Ptarmigan,27
2009-12-14,13:34,Owl,20
2009-12-14,05:21,Wolverine,33
2009-12-15,22:48,Moose,37
2009-12-15,01:49,Muskox,37
2009-12-16,00:17,Ptarmigan,31
2009-12-16,06:07,Wolverine,20
2009-12-17,12:00,Ptarmigan,30
2009-12-17,00:16,Moose,10
2009-12-18,13:27,Muskox,29
2009-12-19,03:39,Grizzly,31
2009-12-20,01:07,Grizzly,15
2009-12-21,12:32,Moose,5
2009-12-22,20:08,Moose,26
2009-12-23,08:13,Grizzly,7
2009-12-23,06:46,Fox,22
2009-12-24,13:32,Ptarmigan,26
2009-12-25,17:48,Elk,28
2009-12-26,14:07,Fox,31
2009-12-27,23:55,Wolverine,31
2009-12-27,22:28,Elk,9
2009-12-28,20:58,Ptarmigan,22
2009-12-29,13:23,Wolverine,6
2009-12-30,12:45,Grizzly,7
2009-12-30,16:17,Wolf,38
2009-12-31,03:00,Owl,39
2010-01-01,02:57,Moose,11
2010-01-02,14:57,Muskox,21
2010-01-03,19:01,Elk,13
2010-01-04,01:30,Owl,7
2010-01-04,08:02,Wolverine,23
2010-01-05,05:33,Owl,9
2010-01-06,13:02,Elk,14
2010-01-06,00:49,Grizzly,41
2010-01-07,02:41,Muskox,9
2010-01-08,23:29,Fox,14
2010-01-09,10:00,Elk,2
2010-01-09,01:11,Owl,22
2010-01-09,09:44,Grizzly,7
2010-01-10,02:53,Wolverine,32
2010-01-10,01:37,Grizzly,8
2010-01-10,09:13,Owl,31
2010-01-10,00:46,Elk,26
2010-01-11,03:29,Muskox,27
2010-01-11,06:16,Grizzly,18
2010-01-11,12:38,Muskox,21
2010-01-11,17:18,Wolf,17
2010-01-12,17:01,Muskox,22
2010-01-13,15:17,Wolf,14
2010-01-14,22:47,Elk,18
2010-01-14,23:51,Fox,41
2010-01-15,04:31,Wolverine,21
2010-01-16,00:34,Moose,41
2010-01-16,15:19,Elk,26
2010-01-17,20:27,Fox,4
2010-01-18,12:14,Fox,28
2010-01-19,07:12,Fox,14
2010-01-19,06:16,Owl,30
2010-01-20,12:00,Wolf,9
2010-01-20,10:45,Muskox,6
2010-01-21,11:08,Muskox,22
2010-01-21,11:29,Moose,21
2010-01-22,12:19,Muskox,30
2010-01-22,06:04,Wolverine,18
2010-01-23,07:54,Moose,14
2010-01-24,03:20,Ptarmigan,42
2010-01-24,21:42,Owl,34
2010-01-25,15:15,Owl,1
2010-01-26,09:19,Grizzly,4
2010-01-26,04:58,Moose,13
2010-01-27,00:52,Elk,15
2010-01-27,16:00,Wolf,8
2010-01-27,23:57,Wolverine,40
2010-01-27,11:07,Moose,24
2010-01-27,18:09,Wolverine,39
2010-01-28,03:26,Ptarmigan,5
2010-01-28,12:22,Owl,10
2010-01-29,01:31,Elk,14
2010-01-29,10:03,Grizzly,32
2010-01-30,08:40,Ptarmigan,27
2010-01-31,07:24,Moose,38
2010-01-31,20:42,Ptarmigan,8
2010-01-31,13:30,Wolverine,6
2010-02-01,16:11,Wolverine,38
2010-02-02,12:53,Fox,41
2010-02-03,04:09,Ptarmigan,16
2010-02-03,23:42,Moose,3
2010-02-03,13:02,Wolverine,27
2010-02-03,14:42,Ptarmigan,22
2010-02-03,17:57,Owl,31
2010-02-04,11:57,Elk,11
2010-02-04,12:56,Wolverine,40
2010-02-04,12:05,Ptarmigan,20
2010-02-04,07:12,Wolverine,13
2010-02-04,13:40,Elk,9
2010-02-05,21:30,Wolf,10
2010-02-06,05:20,Ptarmigan,30
2010-02-06,12:37,Owl,5
2010-02-07,04:04,Wolf,33
2010-02-08,12:56,Grizzly,20
2010-02-09,05:07,Owl,21
2010-02-10,00:31,Wolf,10
2010-02-11,20:31,Wolf,16
2010-02-12,02:54,Ptarmigan,18
2010-02-13,04:07,Elk,16
2010-02-13,01:39,Moose,37
2010-02-14,00:36,Grizzly,32
2010-02-14,08:33,Fox,2
2010-02-15,23:40,Moose,30
2010-02-15,05:02,Grizzly,1
2010-02-15,10:56,Wolverine,1
2010-02-16,14:59,Elk,7
2010-02-16,03:55,Muskox,31
2010-02-16,00:05,Muskox,20
2010-02-17,15:51,Owl,8
2010-02-17,21:01,Muskox,8
2010-02-18,21:52,Moose,35
2010-02-19,17:09,Grizzly,5
2010-02-20,07:50,Wolf,27
2010-02-20,21:11,Elk,8
2010-02-21,19:10,Grizzly,32
2010-02-22,12:55,Owl,29
2010-02-23,05:00,Owl,19
2010-02-24,10:58,Wolf,14
2010-02-25,15:29,Owl,33
2010-02-25,20:29,Elk,26
2010-02-26,17:47,Wolf,12
2010-02-27,23:03,Ptarmigan,41
2010-02-27,12:14,Ptarmigan,40
2010-02-28,01:05,Wolverine,17
2010-03-01,18:42,Wolf,29
2010-03-01,16:14,Elk,15
2010-03-01,03:45,Ptarmigan,23
2010-03-01,10:40,Elk,2
2010-03-02,14:24,Owl,20
2010-03-03,21:41,Elk,2
2010-03-04,19:57,Wolverine,26
2010-03-05,19:25,Muskox,17
2010-03-06,03:28,Wolf,14
2010-03-06,17:00,Fox,6
2010-03-06,19:16,Owl,2
2010-03-07,16:53,Ptarmigan,41
2010-03-07,18:59,Wolf,29
2010-03-08,09:33,Moose,38
2010-03-08,22:19,Ptarmigan,32
2010-03-09,23:54,Ptarmigan,7
2010-03-09,09:31,Elk,23
2010-03-10,18:33,Moose,10
2010-03-10,07:33,Wolverine,26
2010-03-11,06:22,Wolf,33
2010-03-11,01:28,Wolverine,10
2010-03-12,19:29,Owl,36
2010-03-12,19:44,Wolverine,19
2010-03-12,22:25,Elk,30
2010-03-12,13:06,Owl,37
2010-03-12,23:08,Moose,31
2010-03-13,10:21,Elk,24
2010-03-13,05:45,Muskox,9
2010-03-13,05:44,Muskox,40
2010-03-13,11:10,Fox,5
2010-03-14,19:02,Muskox,6
2010-03-14,20:27,Owl,35
2010-03-14,05:48,Wolverine,37
2010-03-14,14:14,Fox,20
2010-03-14,22:30,Elk,5
2010-03-15,13:12,Muskox,34
2010-03-15,11:02,Fox,2
2010-03-15,23:52,Grizzly,10
2010-03-16,16:10,Elk,14
2010-03-17,04:01,Wolverine,10
2010-03-17,01:55,Wolf,12
2010-03-17,20:53,Wolverine,4
2010-03-17,20:09,Wolf,21
2010-03-17,07:10,Ptarmigan,17
2010-03-18,21:54,Wolf,35
2010-03-19,15:10,Elk,41
2010-03-20,11:12,Wolf,20
2010-03-20,03:34,Grizzly,24
2010-03-21,09:25,Owl,7
2010-03-22,07:13,Elk,21
2010-03-22,18:21,Wolf,24
2010-03-23,07:44,Owl,34
2010-03-24,13:22,Grizzly,24
2010-03-25,13:09,Fox,17
2010-03-26,08:38,Moose,36
2010-03-26,18:42,Wolf,19
2010-03-27,10:50,Ptarmigan,13
2010-03-28,09:27,Elk,28
2010-03-29,16:56,Ptarmigan,14
2010-03-29,03:59,Ptarmigan,23
2010-03-30,02:47,Moose,42
2010-03-31,10:06,Muskox,27
2010-03-31,06:58,Wolverine,9
2010-04-01,12:06,Muskox,33
2010-04-02,22:24,Fox,39
2010-04-02,05:40,Fox,22
2010-04-03,23:11,Wolf,23
2010-04-03,22:27,Wolf,23
2010-04-04,11:33,Fox,31
2010-04-05,06:48,Wolf,27
2010-04-05,10:16,Grizzly,13
2010-04-05,00:46,Owl,17
2010-04-05,07:24,Grizzly,38
2010-04-06,18:22,Fox,36
2010-04-07,05:28,Wolverine,22
2010-04-08,01:30,Moose,23
2010-04-08,09:11,Elk,37
2010-04-09,17:25,Moose,2
2010-04-09,22:17,Elk,26
2010-04-10,13:57,Grizzly,30
2010-04-10,22:20,Elk,39
2010-04-10,02:20,Fox,30
2010-04-11,06:17,Owl,28
2010-04-11,18:47,Grizzly,35
2010-04-12,15:48,Moose,33
2010-04-13,03:37,Wolverine,1
2010-04-14,12:26,Wolf,28
2010-04-15,10:53,Owl,27
2010-04-15,16:50,Moose,12
2010-04-16,01:05,Owl,23
2010-04-17,16:44,Fox,24
2010-04-18,22:41,Grizzly,25
2010-04-19,12:16,Muskox,32
2010-04-19,00:34,Grizzly,1
2010-04-19,08:37,Grizzly,28
2010-04-19,12:15,Grizzly,36
2010-04-19,23:35,Wolverine,29
2010-04-20,01:48,Moose,25
2010-04-21,17:15,Wolf,31
2010-04-21,01:54,Fox,4
2010-04-21,06:45,Owl,9
2010-04-22,19:25,Fox,4
2010-04-22,18:43,Ptarmigan,21
2010-04-22,04:06,Owl,16
2010-04-23,18:20,Elk,21
2010-04-23,13:00,Wolf,14
2010-04-24,23:20,Wolf,33
2010-04-24,19:23,Grizzly,3
2010-04-24,05:22,Muskox,3
2010-04-25,04:09,Owl,8
2010-04-26,22:51,Ptarmigan,15
2010-04-27,14:06,Fox,10
2010-04-28,15:27,Muskox,6
2010-04-28,06:32,Muskox,23
2010-04-28,01:34,Elk,34
2010-04-29,08:50,Ptarmigan,13
2010-04-29,03:11,Wolf,36
2010-04-29,05:31,Owl,34
2010-04-29,00:32,Fox,35
2010-04-30,23:02,Fox,2
2010-04-30,06:28,Grizzly,23
2010-04-30,06:25,Wolverine,6
2010-04-30,21:16,Muskox,9
2010-05-01,23:48,Moose,9
2010-05-02,12:37,Fox,41
2010-05-02,07:12,Wolf,8
2010-05-02,21:16,Grizzly,38
2010-05-02,17:05,Owl,38
2010-05-02,00:19,Grizzly,34
2010-05-02,06:21,Ptarmigan,29
2010-05-02,21:13,Moose,29
2010-05-02,21:04,Moose,41
2010-05-03,03:11,Fox,10
2010-05-04,05:53,Owl,29
2010-05-04,22:40,Wolf,4
2010-05-05,18:55,Owl,21
2010-05-06,21:19,Grizzly,17
2010-05-06,16:53,Grizzly,7
2010-05-06,12:13,Elk,7
2010-05-07,06:12,Owl,20
2010-05-08,23:19,Owl,31
2010-05-09,08:30,Elk,16
2010-05-09,13:50,Grizzly,30
2010-05-10,13:01,Elk,41
2010-05-10,19:58,Wolf,32
2010-05-11,19:05,Muskox,38
2010-05-11,16:28,Grizzly,13
2010-05-11,21:50,Muskox,16
2010-05-11,23:40,Owl,35
2010-05-12,00:33,Ptarmigan,14
2010-05-12,06:07,Grizzly,30
2010-05-12,06:52,Moose,16
2010-05-12,07:35,Moose,38
2010-05-12,22:12,Ptarmigan,15
2010-05-13,08:01,Muskox,6
2010-05-14,01:54,Elk,15
2010-05-15,18:48,Wolverine,11
2010-05-16,04:50,Fox,25
2010-05-17,15:39,Moose,24
2010-05-18,09:39,Elk,21
2010-05-19,10:24,Muskox,23
2010-05-20,20:05,Elk,29
2010-05-20,21:46,Fox,1
2010-05-21,16:55,Wolverine,12
2010-05-22,21:57,Muskox,22
2010-05-23,16:09,Moose,39
2010-05-23,23:48,Wolverine,11
2010-05-24,05:24,Wolverine,29
2010-05-24,17:48,Moose,29
2010-05-25,15:11,Wolverine,11
2010-05-26,07:57,Wolf,29
2010-05-26,00:59,Wolf,4
2010-05-27,13:00,Grizzly,17
2010-05-27,07:05,Grizzly,4
2010-05-27,22:02,Fox,32
2010-05-27,19:30,Fox,15
2010-05-28,17:56,Grizzly,40
2010-05-29,15:41,Elk,39
2010-05-29,01:38,Grizzly,24
2010-05-29,04:20,Elk,42
2010-05-29,14:39,Wolverine,9
2010-05-29,02:45,Muskox,14
2010-05-29,04:01,Owl,24
2010-05-30,18:38,Wolverine,10
2010-05-31,04:04,Grizzly,36
2010-05-31,00:15,Moose,29
2010-05-31,23:37,Fox,15
2010-05-31,22:28,Grizzly,15
2010-05-31,13:08,Ptarmigan,22
2010-06-01,08:04,Wolverine,3
2010-06-02,01:48,Moose,25
2010-06-03,11:13,Wolf,30
2010-06-04,22:44,Wolverine,25
2010-06-05,20:36,Ptarmigan,5
2010-06-05,12:32,Wolf,18
2010-06-05,23:16,Moose,9
2010-06-05,22:38,Owl,30
2010-06-06,12:14,Muskox,9
2010-06-06,17:14,Fox,16
2010-06-07,21:05,Muskox,23
2010-06-08,02:01,Owl,38
2010-06-09,02:48,Wolverine,32
2010-06-09,20:18,Moose,37
2010-06-09,11:26,Ptarmigan,1
2010-06-10,05:41,Ptarmigan,14
2010-06-10,04:01,Moose,5
2010-06-11,15:41,Wolf,13
2010-06-11,17:49,Ptarmigan,25
2010-06-11,00:06,Moose,31
2010-06-11,21:40,Owl,23
2010-06-12,07:42,Muskox,19
2010-06-12,16:42,Elk,33
2010-06-12,14:59,Moose,23
2010-06-12,02:37,Moose,8
2010-06-12,03:31,Grizzly,33
2010-06-12,11:24,Fox,10
2010-06-13,20:50,Fox,10
2010-06-14,04:24,Fox,41
2010-06-14,19:58,Wolf,6
2010-06-14,20:54,Owl,25
2010-06-14,20:28,Moose,9
2010-06-15,02:18,Elk,28
2010-06-15,04:18,Grizzly,13
2010-06-15,17:19,Wolverine,17
2010-06-16,22:55,Muskox,29
2010-06-16,06:22,Fox,26
2010-06-17,14:19,Wolverine,39
2010-06-17,11:27,Grizzly,20
2010-06-17,00:16,Moose,40
2010-06-18,01:37,Moose,14
2010-06-19,07:35,Elk,42
2010-06-19,01:19,Fox,19
2010-06-19,06:31,Owl,23
2010-06-20,22:49,Ptarmigan,37
2010-06-20,04:40,Wolverine,21
2010-06-20,18:30,Wolf,20
2010-06-21,09:50,Owl,33
2010-06-21,16:49,Grizzly,23
2010-06-21,10:32,Wolverine,8
2010-06-22,13:44,Ptarmigan,11
2010-06-22,15:23,Grizzly,5
2010-06-23,00:52,Wolverine,1
2010-06-24,06:08,Fox,6
2010-06-25,20:14,Moose,40
2010-06-25,08:46,Owl,25
2010-06-26,15:42,Fox,22
2010-06-26,11:08,Elk,18
2010-06-27,12:55,Moose,22
2010-06-28,09:51,Owl,27
2010-06-29,05:24,Wolverine,27
2010-06-29,17:18,Wolverine,9
2010-06-30,16:00,Owl,24
2010-07-01,19:52,Muskox,8
2010-07-02,08:05,Moose,34
2010-07-02,07:00,Wolverine,21
2010-07-02,07:06,Wolverine,22
2010-07-02,04:58,Ptarmigan,38
2010-07-03,14:46,Muskox,2
2010-07-04,04:53,Wolverine,42
2010-07-05,18:21,Elk,39
2010-07-06,18:51,Muskox,12
2010-07-06,22:09,Wolverine,31
2010-07-07,02:46,Grizzly,24
2010-07-07,01:07,Elk,12
2010-07-07,20:30,Owl,38
2010-07-07,17:14,Owl,37
2010-07-08,21:24,Wolverine,24
2010-07-08,20:27,Moose,11
2010-07-09,08:18,Elk,31
2010-07-10,15:14,Owl,14
2010-07-11,12:56,Ptarmigan,18
2010-07-12,14:35,Grizzly,19
2010-07-13,19:01,Owl,7
2010-07-13,06:28,Wolf,1
2010-07-13,10:36,Fox,36
2010-07-13,08:15,Moose,8
2010-07-13,08:36,Grizzly,30
2010-07-14,23:21,Ptarmigan,26
2010-07-14,11:01,Grizzly,8
2010-07-14,19:53,Muskox,33
2010-07-14,22:13,Wolverine,16
2010-07-15,07:16,Wolf,10
2010-07-16,12:15,Wolf,14
2010-07-17,15:24,Fox,34
2010-07-17,10:49,Fox,24
2010-07-18,11:33,Fox,24
2010-07-19,07:42,Grizzly,40
2010-07-20,17:10,Owl,29
2010-07-21,11:02,Wolf,10
2010-07-21,09:26,Owl,8
2010-07-21,10:33,Muskox,23
2010-07-21,13:22,Wolverine,40
2010-07-21,01:07,Moose,34
2010-07-21,10:17,Wolf,5
2010-07-22,08:20,Fox,25
2010-07-22,16:59,Wolverine,33
2010-07-22,11:34,Owl,27
2010-07-23,03:17,Moose,2
2010-07-23,01:04,Elk,18
2010-07-23,19:38,Wolf,10
2010-07-24,14:06,Wolf,37
2010-07-24,05:45,Ptarmigan,21
2010-07-24,06:28,Wolverine,40
2010-07-25,14:48,Moose,9
2010-07-25,14:18,Moose,37
2010-07-26,23:07,Elk,16
2010-07-26,23:18,Ptarmigan,7
2010-07-26,11:26,Owl,39
2010-07-26,22:10,Muskox,18
2010-07-26,01:21,Wolverine,2
2010-07-27,22:24,Grizzly,16
2010-07-28,12:10,Ptarmigan,33
2010-07-29,08:57,Grizzly,7
2010-07-30,05:57,Moose,10
2010-07-31,02:06,Wolverine,40
2010-07-31,04:55,Grizzly,16
2010-07-31,20:43,Owl,2
2010-08-01,19:39,Ptarmigan,32
2010-08-01,09:37,Wolverine,6
2010-08-01,15:40,Grizzly,25
2010-08-02,00:43,Elk,34
2010-08-02,16:31,Moose,9
2010-08-03,08:41,Muskox,22
2010-08-03,22:31,Fox,2
2010-08-03,07:15,Moose,37
2010-08-03,02:42,Elk,25
2010-08-03,15:50,Grizzly,8
2010-08-04,06:15,Fox,5
2010-08-04,06:16,Fox,28
2010-08-04,02:38,Ptarmigan,22
2010-08-04,02:07,Elk,1
2010-08-04,18:49,Owl,36
2010-08-04,01:48,Fox,1
2010-08-04,20:44,Wolf,18
2010-08-04,00:40,Owl,13
2010-08-05,17:39,Ptarmigan,36
2010-08-05,08:19,Muskox,33
2010-08-06,04:21,Fox,38
2010-08-07,04:22,Elk,30
2010-08-07,01:25,Owl,35
2010-08-08,20:04,Owl,2
2010-08-08,10:46,Fox,34
2010-08-09,09:25,Grizzly,31
2010-08-10,07:10,Ptarmigan,32
2010-08-10,20:11,Wolverine,9
2010-08-10,10:14,Muskox,28
2010-08-11,04:12,Grizzly,38
2010-08-11,07:36,Owl,19
2010-08-12,14:50,Moose,42
2010-08-12,10:42,Elk,20
2010-08-12,15:40,Fox,25
2010-08-13,14:33,Elk,24
2010-08-14,03:41,Fox,9
2010-08-14,07:45,Muskox,23
2010-08-15,02:53,Grizzly,35
2010-08-15,01:06,Elk,30
2010-08-16,16:17,Elk,19
2010-08-17,12:22,Owl,4
2010-08-18,01:17,Grizzly,14
2010-08-18,00:19,Grizzly,26
2010-08-18,18:33,Muskox,27
2010-08-19,05:57,Wolverine,36
2010-08-19,22:38,Wolverine,11
2010-08-20,18:57,Owl,27
2010-08-20,04:44,Muskox,35
2010-08-20,11:35,Moose,20
2010-08-20,01:44,Muskox,15
2010-08-20,06:52,Ptarmigan,9
2010-08-20,13:59,Ptarmigan,34
2010-08-21,09:55,Muskox,38
2010-08-21,23:03,Wolf,29
2010-08-21,11:55,Elk,5
2010-08-22,09:39,Wolverine,11
2010-08-23,12:26,Moose,11
2010-08-24,03:48,Elk,23
2010-08-25,19:44,Elk,3
2010-08-25,14:58,Wolverine,32
2010-08-26,06:15,Wolverine,15
2010-08-26,07:45,Grizzly,41
2010-08-26,11:25,Ptarmigan,37
2010-08-27,14:16,Moose,35
2010-08-28,09:08,Elk,41
2010-08-29,17:07,Ptarmigan,5
2010-08-29,22:33,Elk,24
2010-08-29,08:53,Muskox,13
2010-08-29,13:39,Ptarmigan,34
2010-08-29,07:46,Wolverine,14
2010-08-29,11:06,Wolf,42
2010-08-30,13:27,Wolverine,26
2010-08-31,15:54,Muskox,15
2010-09-01,05:51,Wolverine,5
2010-09-01,23:01,Muskox,10
2010-09-02,06:30,Fox,2
2010-09-03,18:58,Grizzly,1
2010-09-04,07:19,Grizzly,33
2010-09-05,01:43,Owl,5
2010-09-05,18:16,Wolverine,39
2010-09-05,03:21,Moose,31
2010-09-05,22:26,Owl,38
2010-09-06,09:28,Grizzly,9
2010-09-06,10:51,Wolverine,9
2010-09-07,20:38,Moose,21
2010-09-07,00:01,Muskox,26
2010-09-07,10:38,Wolverine,29
2010-09-08,16:56,Ptarmigan,35
2010-09-09,04:09,Fox,22
2010-09-09,23:16,Grizzly,14
2010-09-10,04:56,Wolverine,25
2010-09-11,03:29,Ptarmigan,13
2010-09-12,10:20,Grizzly,18
2010-09-12,00:44,Muskox,12
2010-09-13,01:55,Fox,17
2010-09-14,15:29,Owl,32
2010-09-15,02:28,Wolverine,13
2010-09-15,12:06,Grizzly,12
2010-09-15,22:10,Owl,34
2010-09-15,07:18,Wolverine,17
2010-09-15,08:59,Wolverine,5
2010-09-16,04:44,Wolf,15
2010-09-17,00:48,Elk,2
2010-09-17,17:50,Owl,13
2010-09-17,14:37,Wolverine,30
2010-09-17,04:31,Elk,11
2010-09-17,17:19,Muskox,1
2010-09-17,08:58,Fox,28
2010-09-17,10:28,Ptarmigan,40
2010-09-17,17:48,Owl,4
2010-09-17,22:39,Fox,15
2010-09-18,06:17,Elk,19
2010-09-19,08:46,Wolf,25
2010-09-19,20:22,Wolverine,16
2010-09-20,15:23,Fox,8
2010-09-21,23:50,Grizzly,15
2010-09-22,07:46,Ptarmigan,29
2010-09-22,07:58,Muskox,27
2010-09-22,08:36,Wolverine,14
2010-09-22,08:07,Grizzly,26
2010-09-22,18:19,Owl,11
2010-09-23,09:02,Ptarmigan,24
2010-09-23,04:32,Fox,14
2010-09-24,14:20,Ptarmigan,2
2010-09-25,15:13,Moose,13
2010-09-25,12:14,Muskox,41
2010-09-26,03:03,Wolverine,31
2010-09-27,17:20,Elk,6
2010-09-28,06:32,Owl,18
2010-09-29,14:32,Fox,8
2010-09-30,17:50,Grizzly,11
2010-09-30,07:41,Wolverine,26
2010-09-30,09:18,Moose,32
2010-10-01,22:30,Owl,42
2010-10-02,14:55,Grizzly,15
2010-10-03,15:28,Fox,11
2010-10-03,19:02,Moose,26
2010-10-04,18:51,Grizzly,22
2010-10-04,12:23,Moose,22
2010-10-05,16:50,Elk,27
2010-10-05,14:30,Ptarmigan,34
2010-10-05,23:17,Owl,4
2010-10-06,11:39,Owl,29
2010-10-07,23:37,Owl,14
2010-10-08,14:03,Ptarmigan,17
2010-10-08,10:44,Grizzly,32
2010-10-08,15:08,Wolf,2
2010-10-08,21:57,Moose,38
2010-10-08,15:48,Owl,24
2010-10-09,03:04,Fox,15
2010-10-09,03:29,Wolf,27
2010-10-09,04:24,Wolverine,12
2010-10-10,06:14,Fox,31
2010-10-10,13:17,Wolverine,33
2010-10-11,23:41,Ptarmigan,21
2010-10-12,03:34,Elk,20
2010-10-13,01:10,Moose,13
2010-10-14,23:54,Owl,33
2010-10-14,03:22,Muskox,30
2010-10-14,17:13,Moose,33
2010-10-14,16:33,Grizzly,12
2010-10-14,17:26,Owl,10
2010-10-14,05:01,Fox,23
2010-10-15,23:31,Grizzly,39
2010-10-16,05:47,Grizzly,9
2010-10-17,00:09,Elk,22
2010-10-17,02:54,Wolf,29
2010-10-17,02:09,Owl,25
2010-10-18,12:51,Wolverine,9
2010-10-19,07:29,Muskox,27
2010-10-19,13:36,Ptarmigan,42
2010-10-20,00:19,Elk,22
2010-10-21,03:43,Elk,33
2010-10-21,17:21,Elk,27
2010-10-21,18:30,Moose,9
2010-10-21,15:35,Fox,8
2010-10-21,09:28,Wolverine,16
2010-10-22,06:47,Fox,14
2010-10-22,14:18,Wolf,9
2010-10-23,00:55,Grizzly,25
2010-10-23,21:41,Wolf,1
2010-10-23,18:48,Owl,30
2010-10-24,22:00,Elk,6
2010-10-24,13:22,Grizzly,35
2010-10-24,09:30,Elk,13
2010-10-25,22:08,Grizzly,35
2010-10-25,14:35,Owl,32
2010-10-26,20:45,Moose,21
2010-10-27,21:02,Fox,25
2010-10-28,07:51,Fox,18
2010-10-28,07:53,Wolverine,16
2010-10-28,15:18,Wolf,16
2010-10-29,20:49,Fox,9
2010-10-29,00:03,Owl,20
2010-10-30,05:33,Wolf,36
2010-10-30,13:00,Wolf,42
2010-10-31,20:08,Moose,42
2010-11-01,16:22,Fox,4
2010-11-01,11:58,Elk,17
2010-11-02,04:51,Wolverine,28
2010-11-03,11:57,Owl,37
2010-11-03,15:00,Grizzly,36
2010-11-03,20:17,Grizzly,12
2010-11-03,04:22,Moose,28
2010-11-03,04:56,Fox,19
2010-11-03,19:27,Grizzly,21
2010-11-04,09:47,Muskox,11
2010-11-04,09:45,Elk,34
2010-11-05,05:06,Muskox,36
2010-11-05,03:06,Elk,40
2010-11-06,14:09,Wolverine,12
2010-11-06,10:58,Wolf,18
2010-11-06,20:57,Owl,31
2010-11-07,22:02,Grizzly,26
2010-11-07,07:45,Owl,16
2010-11-07,03:48,Ptarmigan,19
2010-11-07,06:13,Elk,26
2010-11-08,04:04,Muskox,19
2010-11-08,13:34,Owl,13
2010-11-08,07:06,Moose,24
2010-11-09,12:34,Wolf,42
2010-11-10,09:05,Wolverine,22
2010-11-11,02:26,Elk,15
2010-11-11,19:26,Moose,4
2010-11-11,04:26,Ptarmigan,22
2010-11-11,21:00,Elk,42
2010-11-11,17:08,Fox,8
2010-11-11,13:21,Fox,25
2010-11-11,16:43,Grizzly,11
2010-11-11,00:24,Wolf,9
2010-11-11,08:03,Fox,32
2010-11-11,11:34,Elk,1
2010-11-11,05:07,Moose,16
2010-11-11,19:26,Wolf,37
2010-11-11,23:38,Muskox,4
2010-11-11,21:47,Elk,31
2010-11-12,09:30,Fox,29
2010-11-13,13:33,Wolverine,18
2010-11-13,21:25,Muskox,9
2010-11-13,04:49,Muskox,15
2010-11-14,07:56,Wolverine,12
2010-11-14,06:20,Muskox,16
2010-11-14,02:04,Moose,42
2010-11-15,09:46,Wolf,33
2010-11-15,20:20,Wolf,11
2010-11-16,23:13,Fox,35
2010-11-17,20:42,Wolverine,26
2010-11-18,00:50,Fox,26
2010-11-19,12:36,Wolf,19
2010-11-19,15:44,Elk,18
2010-11-19,19:22,Ptarmigan,4
2010-11-20,01:05,Ptarmigan,4
2010-11-20,05:22,Wolf,27
2010-11-21,03:14,Wolf,23
2010-11-21,06:57,Wolverine,19
2010-11-21,11:20,Ptarmigan,8
2010-11-21,20:38,Moose,22
2010-11-21,23:00,Moose,28
2010-11-22,15:49,Ptarmigan,24
2010-11-22,01:44,Muskox,25
2010-11-22,05:42,Moose,21
2010-11-23,13:14,Elk,5
2010-11-23,04:58,Owl,37
2010-11-24,16:48,Ptarmigan,40
2010-11-25,16:15,Wolverine,12
2010-11-26,14:31,Moose,16
2010-11-27,22:39,Moose,7
2010-11-28,01:28,Wolverine,20
2010-11-29,15:46,Grizzly,24
2010-11-30,07:18,Wolf,34
2010-11-30,08:46,Owl,4
2010-12-01,13:43,Wolf,12
2010-12-02,11:26,Grizzly,11
2010-12-02,03:45,Wolverine,37
2010-12-03,21:29,Muskox,10
2010-12-04,21:20,Wolverine,20
2010-12-05,23:58,Muskox,18
2010-12-06,23:14,Fox,18
2010-12-06,00:46,Ptarmigan,12
2010-12-06,06:42,Grizzly,37
2010-12-06,20:31,Grizzly,14
2010-12-06,17:54,Wolverine,5
2010-12-06,03:08,Elk,10
2010-12-07,20:15,Owl,36
2010-12-07,23:36,Grizzly,38
2010-12-07,04:14,Moose,11
2010-12-07,15:00,Fox,14
2010-12-08,23:37,Fox,30
2010-12-08,18:13,Fox,39
2010-12-09,05:26,Ptarmigan,42
2010-12-10,20:48,Wolverine,8
2010-12-10,22:21,Owl,4
2010-12-10,04:46,Owl,26
2010-12-11,18:06,Ptarmigan,5
2010-12-12,16:06,Moose,37
2010-12-12,01:17,Fox,20
2010-12-13,05:33,Muskox,33
2010-12-14,16:15,Fox,7
2010-12-15,04:36,Moose,4
2010-12-15,20:57,Moose,8
2010-12-16,18:28,Muskox,39
2010-12-16,10:44,Fox,26
2010-12-16,21:44,Elk,16
2010-12-17,13:23,Ptarmigan,26
2010-12-17,17:36,Muskox,37
2010-12-18,14:20,Ptarmigan,28
2010-12-19,06:34,Ptarmigan,30
2010-12-19,00:03,Wolverine,40
2010-12-19,10:56,Fox,30
2010-12-19,01:55,Fox,12
2010-12-20,21:51,Wolf,42
2010-12-20,12:23,Moose,6
2010-12-20,18:03,Wolf,15
2010-12-20,23:56,Wolverine,24
2010-12-20,23:22,Grizzly,28
2010-12-20,00:56,Moose,40
2010-12-20,05:42,Ptarmigan,1
2010-12-20,05:18,Muskox,3
2010-12-21,06:08,Owl,37
2010-12-22,08:59,Fox,7
2010-12-22,05:54,Fox,15
2010-12-23,01:37,Owl,10
2010-12-23,14:25,Fox,31
2010-12-23,15:20,Fox,4
2010-12-23,00:37,Moose,8
2010-12-23,15:56,Ptarmigan,25
2010-12-23,08:33,Wolverine,29
2010-12-24,21:58,Muskox,38
2010-12-25,11:06,Wolverine,32
2010-12-25,01:59,Owl,28
2010-12-25,15:55,Fox,32
2010-12-25,11:06,Muskox,39
2010-12-25,03:15,Wolf,18
2010-12-25,14:02,Wolverine,20
2010-12-26,02:57,Wolf,38
2010-12-27,01:10,Owl,25
2010-12-27,14:09,Owl,36
2010-12-27,01:24,Fox,6
2010-12-28,17:11,Ptarmigan,3
2010-12-29,04:51,Moose,6
2010-12-30,19:28,Fox,22
2010-12-31,07:38,Wolf,5
2011-01-01,18:39,Fox,15
2011-01-02,00:49,Wolverine,25
2011-01-02,16:54,Wolf,20
2011-01-02,02:04,Grizzly,9
2011-01-03,10:01,Muskox,3
2011-01-03,18:06,Muskox,11
2011-01-03,02:01,Ptarmigan,26
2011-01-03,13:19,Fox,16
2011-01-03,19:58,Fox,1
2011-01-03,07:51,Elk,23
2011-01-04,18:55,Elk,13
2011-01-04,05:21,Moose,28
2011-01-04,05:02,Wolverine,20
2011-01-05,06:01,Moose,20
2011-01-06,12:14,Wolf,2
2011-01-06,13:02,Grizzly,12
2011-01-07,16:40,Muskox,35
2011-01-08,20:31,Moose,17
2011-01-08,03:36,Ptarmigan,24
2011-01-09,20:45,Ptarmigan,42
2011-01-09,16:17,Fox,40
2011-01-10,08:47,Owl,10
2011-01-11,11:00,Owl,39
2011-01-12,00:03,Wolf,13
2011-01-13,11:07,Moose,21
2011-01-13,06:50,Elk,42
2011-01-13,17:41,Wolf,5
2011-01-14,23:19,Ptarmigan,20
2011-01-15,12:51,Ptarmigan,9
2011-01-15,05:28,Moose,18
2011-01-16,22:37,Muskox,16
2011-01-17,17:13,Elk,8
2011-01-18,19:00,Grizzly,10
2011-01-19,01:29,Fox,3
2011-01-19,02:16,Wolf,36
2011-01-20,23:06,Grizzly,36
2011-01-20,12:54,Fox,27
2011-01-20,00:04,Elk,30
2011-01-20,04:23,Wolverine,10
2011-01-21,20:25,Ptarmigan,26
2011-01-21,02:39,Fox,14
2011-01-21,01:28,Muskox,35
2011-01-22,02:23,Wolverine,2
2011-01-22,06:36,Elk,32
2011-01-22,11:06,Muskox,16
2011-01-22,18:31,Moose,9
2011-01-22,21:09,Owl,23
2011-01-22,18:27,Ptarmigan,25
2011-01-22,03:11,Wolf,17
2011-01-22,05:42,Muskox,40
2011-01-22,15:05,Ptarmigan,9
2011-01-23,02:33,Owl,5
2011-01-24,13:39,Wolverine,24
2011-01-25,00:29,Wolf,40
2011-01-25,18:35,Moose,19
2011-01-25,05:39,Elk,23
2011-01-25,06:55,Fox,26
2011-01-25,04:35,Ptarmigan,41
2011-01-25,11:28,Muskox,9
2011-01-26,17:34,Muskox,35
2011-01-27,09:49,Moose,23
2011-01-27,19:32,Wolverine,21
2011-01-27,02:13,Wolverine,41
2011-01-28,08:51,Muskox,34
2011-01-29,21:29,Grizzly,16
2011-01-29,16:49,Wolf,38
2011-01-30,01:11,Grizzly,24
2011-01-30,07:32,Grizzly,41
2011-01-30,12:57,Fox,7
2011-01-30,10:32,Wolf,37
2011-01-30,13:32,Wolf,30
2011-01-30,16:02,Wolverine,29
2011-01-31,23:46,Elk,36
2011-02-01,06:17,Elk,3
2011-02-01,10:37,Fox,26
2011-02-01,22:09,Ptarmigan,37
2011-02-02,09:03,Wolverine,22
2011-02-03,19:59,Fox,7
2011-02-03,23:40,Wolverine,39
2011-02-04,07:20,Grizzly,30
2011-02-05,18:43,Moose,32
2011-02-06,23:47,Ptarmigan,11
2011-02-06,07:46,Grizzly,11
2011-02-06,09:56,Fox,35
2011-02-07,03:18,Ptarmigan,39
2011-02-07,12:59,Fox,21
2011-02-08,22:38,Wolverine,30
2011-02-09,17:27,Wolf,1
2011-02-09,05:59,Wolverine,12
2011-02-10,05:08,Ptarmigan,25
2011-02-11,01:47,Grizzly,39
2011-02-12,00:00,Elk,18
2011-02-12,16:25,Grizzly,6
2011-02-13,09:11,Ptarmigan,42
2011-02-14,20:59,Ptarmigan,8
2011-02-15,17:37,Muskox,12
2011-02-15,21:43,Moose,18
2011-02-15,13:13,Wolverine,42
2011-02-15,00:48,Muskox,40
2011-02-15,19:45,Ptarmigan,18
2011-02-16,08:44,Ptarmigan,24
2011-02-17,23:30,Ptarmigan,10
2011-02-18,14:46,Grizzly,28
2011-02-18,01:05,Grizzly,29
2011-02-18,20:29,Elk,30
2011-02-19,02:01,Wolverine,30
2011-02-19,08:30,Owl,33
2011-02-19,03:31,Muskox,12
2011-02-19,04:05,Muskox,32
2011-02-19,00:01,Muskox,10
2011-02-19,03:56,Ptarmigan,8
2011-02-19,03:36,Wolf,21
2011-02-19,18:20,Wolverine,2
2011-02-20,21:45,Ptarmigan,13
2011-02-21,05:48,Elk,12
2011-02-22,01:36,Wolverine,23
2011-02-23,16:48,Elk,16
2011-02-23,07:52,Wolverine,22
2011-02-23,11:56,Owl,40
2011-02-24,10:46,Moose,23
2011-02-24,08:25,Wolverine,23
2011-02-25,08:06,Ptarmigan,21
2011-02-26,23:42,Wolf,10
2011-02-26,19:20,Muskox,3
2011-02-26,02:51,Wolverine,18
2011-02-27,13:39,Ptarmigan,31
2011-02-28,07:52,Moose,18
2011-03-01,14:43,Ptarmigan,15
2011-03-01,15:00,Wolf,42
2011-03-02,16:50,Owl,4
2011-03-03,04:48,Grizzly,18
2011-03-04,23:59,Moose,7
2011-03-05,07:13,Moose,7
2011-03-05,09:00,Elk,37
2011-03-06,19:16,Wolverine,6
2011-03-06,08:24,Wolverine,23
2011-03-07,22:31,Owl,10
2011-03-08,15:26,Moose,32
2011-03-09,02:20,Ptarmigan,26
2011-03-09,12:06,Ptarmigan,19
2011-03-10,08:33,Elk,3
2011-03-10,04:00,Wolf,8
2011-03-11,06:18,Wolf,2
2011-03-12,14:02,Wolf,22
2011-03-12,19:24,Fox,11
2011-03-13,01:26,Grizzly,26
2011-03-14,03:25,Moose,26
2011-03-14,00:24,Muskox,30
2011-03-15,11:07,Ptarmigan,13
2011-03-15,19:57,Wolf,39
2011-03-15,15:50,Moose,31
2011-03-15,18:43,Moose,41
2011-03-15,23:24,Wolf,10
2011-03-15,23:59,Grizzly,38
2011-03-16,06:18,Elk,9
2011-03-16,21:09,Wolverine,6
2011-03-16,22:00,Wolverine,27
2011-03-17,20:45,Muskox,34
2011-03-17,23:46,Fox,20
2011-03-18,01:38,Muskox,30
2011-03-18,11:14,Muskox,23
2011-03-18,18:35,Ptarmigan,35
2011-03-19,15:24,Moose,41
2011-03-19,01:33,Elk,17
2011-03-19,11:13,Fox,2
2011-03-20,17:30,Ptarmigan,42
2011-03-21,23:58,Fox,40
2011-03-22,13:57,Ptarmigan,25
2011-03-23,00:39,Wolf,23
2011-03-24,22:30,Wolverine,16
2011-03-25,23:47,Ptarmigan,23
2011-03-25,11:49,Fox,15
2011-03-26,13:11,Ptarmigan,40
2011-03-27,22:28,Muskox,23
2011-03-28,12:05,Owl,28
2011-03-28,19:33,Ptarmigan,33
2011-03-29,00:29,Fox,29
2011-03-29,23:02,Ptarmigan,33
2011-03-29,06:15,Wolf,41
2011-03-30,01:33,Wolf,14
2011-03-31,09:12,Wolf,2
2011-04-01,05:28,Ptarmigan,38
2011-04-01,08:01,Ptarmigan,29
2011-04-01,11:44,Wolverine,18
2011-04-02,18:43,Ptarmigan,25
2011-04-02,09:42,Muskox,18
2011-04-02,15:01,Fox,17
2011-04-03,15:04,Moose,10
2011-04-03,03:35,Moose,16
2011-04-04,05:35,Ptarmigan,40
2011-04-04,12:47,Fox,3
2011-04-04,07:16,Muskox,32
2011-04-05,14:29,Fox,22
2011-04-06,01:39,Elk,42
2011-04-07,22:58,Muskox,23
2011-04-07,07:37,Fox,27
2011-04-08,01:22,Owl,8
2011-04-08,01:55,Elk,30
2011-04-09,23:47,Moose,21
2011-04-09,02:05,Fox,8
2011-04-10,23:03,Owl,22
2011-04-11,01:36,Elk,29
2011-04-12,14:31,Grizzly,6
2011-04-13,22:12,Grizzly,20
2011-04-14,12:23,Fox,29
2011-04-15,23:20,Grizzly,30
2011-04-15,16:08,Muskox,35
2011-04-15,23:16,Moose,7
2011-04-15,21:18,Grizzly,29
2011-04-16,16:31,Fox,8
2011-04-17,22:11,Elk,4
2011-04-17,07:40,Wolf,22
2011-04-18,07:33,Elk,17
2011-04-19,09:54,Owl,15
2011-04-19,04:46,Muskox,19
2011-04-19,01:46,Wolverine,17
2011-04-19,22:40,Wolf,36
2011-04-20,22:13,Moose,27
2011-04-20,16:52,Owl,29
2011-04-20,22:02,Fox,29
2011-04-20,12:01,Wolf,16
2011-04-21,11:25,Moose,3
2011-04-21,08:17,Grizzly,21
2011-04-21,15:47,Ptarmigan,18
2011-04-22,18:38,Wolverine,29
2011-04-23,21:05,Moose,15
2011-04-24,03:50,Ptarmigan,20
2011-04-25,22:14,Wolverine,4
2011-04-26,03:38,Grizzly,36
2011-04-27,06:41,Fox,40
2011-04-27,20:24,Wolverine,16
2011-04-27,13:22,Grizzly,32
2011-04-28,14:25,Wolf,22
2011-04-29,04:33,Wolverine,28
2011-04-30,01:03,Fox,38
2011-04-30,04:04,Moose,8
2011-04-30,23:04,Muskox,33
2011-05-01,13:31,Moose,38
2011-05-02,19:54,Grizzly,12
2011-05-03,18:04,Muskox,1
2011-05-04,01:50,Ptarmigan,42
2011-05-05,02:08,Ptarmigan,8
2011-05-05,12:28,Wolf,41
2011-05-06,18:25,Fox,13
2011-05-06,13:02,Ptarmigan,10
2011-05-07,20:57,Elk,36
2011-05-08,08:47,Muskox,23
2011-05-08,20:32,Elk,35
2011-05-08,14:18,Elk,18
2011-05-09,06:59,Fox,35
2011-05-09,14:49,Ptarmigan,38
2011-05-09,03:42,Elk,26
2011-05-09,23:58,Owl,24
2011-05-09,09:31,Muskox,5
2011-05-09,18:59,Moose,17
2011-05-09,15:30,Ptarmigan,23
2011-05-10,11:33,Ptarmigan,10
2011-05-10,00:57,Wolf,40
2011-05-10,03:06,Ptarmigan,28
2011-05-10,14:53,Fox,18
2011-05-10,22:50,Ptarmigan,1
2011-05-10,15:30,Wolverine,34
2011-05-10,03:43,Moose,41
2011-05-11,21:51,Wolverine,6
2011-05-12,03:25,Moose,28
2011-05-13,17:16,Ptarmigan,4
2011-05-13,01:35,Ptarmigan,32
2011-05-14,20:48,Elk,40
2011-05-15,01:27,Owl,14
2011-05-15,08:40,Moose,14
2011-05-15,08:20,Owl,24
2011-05-15,06:22,Owl,14
2011-05-16,21:38,Elk,29
2011-05-17,13:09,Muskox,25
2011-05-17,21:59,Wolf,27
2011-05-18,12:29,Fox,35
2011-05-18,01:53,Moose,11
2011-05-19,12:30,Grizzly,10
2011-05-19,23:46,Moose,36
2011-05-20,04:26,Grizzly,2
2011-05-21,04:13,Elk,24
2011-05-21,08:06,Owl,11
2011-05-22,13:16,Fox,16
2011-05-23,02:01,Moose,4
2011-05-23,12:57,Muskox,21
2011-05-23,13:12,Owl,10
2011-05-24,18:52,Ptarmigan,28
2011-05-25,04:37,Wolf,41
2011-05-25,12:02,Grizzly,28
2011-05-25,05:40,Moose,3
2011-05-25,20:29,Wolf,42
2011-05-25,05:17,Owl,37
2011-05-25,17:57,Owl,37
2011-05-25,05:50,Fox,28
2011-05-25,05:01,Fox,30
2011-05-25,22:22,Elk,26
2011-05-26,02:39,Elk,33
2011-05-27,03:08,Ptarmigan,18
2011-05-27,21:44,Muskox,11
2011-05-28,02:46,Grizzly,3
2011-05-28,16:11,Owl,21
2011-05-29,01:57,Ptarmigan,38
2011-05-29,01:15,Elk,40
2011-05-30,05:37,Elk,39
2011-05-30,17:07,Grizzly,11
2011-05-31,03:58,Moose,35
2011-06-01,02:24,Muskox,14
2011-06-02,08:34,Grizzly,35
2011-06-03,18:14,Ptarmigan,4
2011-06-03,15:35,Owl,36
2011-06-03,20:04,Moose,4
2011-06-03,23:46,Fox,17
2011-06-03,17:15,Grizzly,22
2011-06-04,05:09,Grizzly,2
2011-06-05,17:51,Grizzly,32
2011-06-05,10:56,Wolf,42
2011-06-05,22:22,Muskox,38
2011-06-06,21:26,Grizzly,9
2011-06-07,10:21,Elk,42
2011-06-08,23:49,Muskox,25
2011-06-09,00:59,Elk,19
2011-06-10,15:41,Muskox,29
2011-06-11,06:37,Owl,19
2011-06-11,15:47,Wolf,27
2011-06-12,04:31,Owl,7
2011-06-12,10:39,Grizzly,21
2011-06-13,20:42,Moose,16
2011-06-14,13:19,Muskox,29
2011-06-15,10:22,Ptarmigan,40
2011-06-15,01:08,Grizzly,8
2011-06-16,03:19,Elk,19
2011-06-16,16:30,Wolverine,9
2011-06-17,01:12,Muskox,17
2011-06-17,09:42,Wolverine,33
2011-06-18,23:30,Ptarmigan,3
2011-06-18,13:40,Wolf,20
2011-06-18,12:57,Grizzly,38
2011-06-18,21:15,Owl,24
2011-06-19,23:22,Muskox,41
2011-06-19,02:17,Moose,6
2011-06-20,01:55,Muskox,39
2011-06-21,10:36,Grizzly,12
2011-06-21,05:49,Ptarmigan,4
2011-06-22,02:39,Muskox,20
2011-06-23,23:07,Wolf,24
2011-06-24,17:08,Wolf,7
2011-06-24,10:47,Ptarmigan,5
2011-06-25,08:22,Moose,29
2011-06-26,15:51,Grizzly,22
2011-06-27,02:09,Ptarmigan,2
2011-06-27,17:41,Owl,17
2011-06-27,06:26,Ptarmigan,16
2011-06-28,18:00,Fox,17
2011-06-29,01:06,Elk,33
2011-06-30,03:43,Owl,31
2011-07-01,07:08,Wolverine,5
2011-07-01,04:21,Elk,32
2011-07-02,05:12,Wolverine,24
2011-07-03,05:21,Elk,8
2011-07-03,09:49,Grizzly,36
2011-07-03,14:19,Fox,9
2011-07-04,21:41,Wolverine,8
2011-07-05,18:28,Muskox,35
2011-07-05,18:05,Fox,28
2011-07-05,12:12,Grizzly,7
2011-07-05,06:16,Grizzly,3
2011-07-06,07:00,Fox,22
2011-07-06,21:58,Moose,15
2011-07-07,07:26,Owl,19
2011-07-07,13:02,Muskox,22
2011-07-08,11:02,Grizzly,4
2011-07-08,05:09,Grizzly,41
2011-07-09,14:57,Ptarmigan,21
2011-07-10,04:34,Fox,10
2011-07-10,13:39,Wolverine,13
2011-07-10,04:04,Elk,23
2011-07-10,16:59,Muskox,27
2011-07-11,01:18,Fox,4
2011-07-11,00:10,Muskox,11
2011-07-11,03:40,Elk,19
2011-07-12,08:54,Moose,39
2011-07-12,05:41,Wolf,15
2011-07-12,20:20,Owl,12
2011-07-12,23:07,Wolf,28
2011-07-13,01:51,Wolverine,4
2011-07-13,19:20,Muskox,11
2011-07-13,16:21,Wolf,28
2011-07-14,04:33,Wolf,6
2011-07-15,07:32,Owl,23
2011-07-15,03:27,Owl,36
2011-07-16,16:19,Grizzly,25
2011-07-17,23:19,Grizzly,6
2011-07-18,17:09,Elk,14
2011-07-19,07:44,Moose,13
2011-07-19,05:18,Muskox,35
2011-07-20,14:39,Owl,34
2011-07-21,17:05,Grizzly,38
2011-07-21,05:50,Moose,26
2011-07-21,19:18,Wolverine,19
2011-07-21,11:24,Wolverine,24
2011-07-22,12:23,Ptarmigan,5
2011-07-22,04:22,Moose,14
2011-07-23,18:38,Owl,23
2011-07-23,05:19,Fox,18
2011-07-23,21:15,Owl,24
2011-07-24,11:28,Ptarmigan,1
2011-07-25,03:50,Muskox,10
2011-07-26,12:33,Elk,25
2011-07-27,12:56,Ptarmigan,40
2011-07-27,12:43,Moose,21
2011-07-27,09:16,Owl,33
2011-07-28,05:22,Muskox,39
2011-07-29,14:32,Fox,28
2011-07-29,01:41,Owl,16
2011-07-30,20:37,Owl,6
2011-07-30,05:01,Grizzly,41
2011-07-31,00:44,Wolverine,7
2011-08-01,07:31,Elk,25
2011-08-01,11:52,Owl,10
2011-08-02,12:22,Muskox,5
2011-08-03,15:31,Owl,39
2011-08-04,07:31,Muskox,18
2011-08-05,08:05,Wolverine,14
2011-08-05,13:40,Wolverine,32
2011-08-05,04:12,Elk,31
2011-08-05,13:36,Wolf,12
2011-08-06,19:48,Grizzly,10
2011-08-07,18:32,Grizzly,25
2011-08-07,22:18,Wolverine,38
2011-08-08,04:02,Moose,14
2011-08-09,23:26,Muskox,36
2011-08-10,20:11,Grizzly,3
2011-08-10,05:48,Ptarmigan,15
2011-08-11,22:01,Muskox,35
2011-08-12,18:39,Elk,40
2011-08-12,01:31,Wolverine,27
2011-08-12,09:58,Elk,38
2011-08-12,21:28,Owl,42
2011-08-12,13:45,Muskox,15
2011-08-12,13:17,Elk,26
2011-08-12,01:27,Grizzly,31
2011-08-13,05:10,Wolf,35
2011-08-13,18:01,Wolf,16
2011-08-13,11:40,Wolf,17
2011-08-13,12:25,Wolverine,11
2011-08-14,01:06,Muskox,42
2011-08-15,02:22,Muskox,26
2011-08-16,14:18,Moose,22
2011-08-17,10:57,Wolf,25
2011-08-17,02:58,Elk,20
2011-08-18,12:57,Moose,31
2011-08-19,10:00,Ptarmigan,36
2011-08-20,04:46,Grizzly,27
2011-08-20,07:50,Muskox,2
2011-08-20,20:54,Fox,21
2011-08-20,08:13,Owl,8
2011-08-21,21:50,Elk,25
2011-08-22,04:29,Moose,21
2011-08-22,10:43,Elk,3
2011-08-23,19:20,Moose,27
2011-08-23,15:18,Elk,10
2011-08-24,01:35,Moose,25
2011-08-24,15:02,Ptarmigan,4
2011-08-24,09:57,Fox,15
2011-08-25,01:57,Wolverine,38
2011-08-25,23:17,Fox,37
2011-08-25,08:25,Fox,19
2011-08-25,22:21,Wolf,27
2011-08-25,23:28,Grizzly,35
2011-08-26,14:10,Moose,31
2011-08-26,09:25,Wolf,25
2011-08-26,12:11,Wolf,39
2011-08-26,02:18,Wolverine,15
2011-08-26,09:22,Grizzly,11
2011-08-27,11:25,Owl,10
2011-08-27,19:12,Owl,39
2011-08-28,17:02,Muskox,27
2011-08-29,20:43,Muskox,3
2011-08-29,11:02,Ptarmigan,12
2011-08-30,18:38,Grizzly,17
2011-08-30,14:10,Wolverine,23
2011-08-31,21:04,Wolf,27
2011-09-01,01:21,Owl,14
2011-09-01,07:37,Ptarmigan,39
2011-09-02,20:05,Grizzly,10
2011-09-03,02:39,Owl,41
2011-09-03,08:40,Muskox,36
2011-09-04,20:14,Wolverine,16
2011-09-05,06:09,Ptarmigan,6
2011-09-05,04:34,Ptarmigan,15
2011-09-06,12:09,Wolverine,32
2011-09-07,06:36,Elk,16
2011-09-07,13:01,Moose,37
2011-09-08,15:16,Moose,19
2011-09-09,22:44,Grizzly,1
2011-09-09,17:10,Owl,13
2011-09-10,00:00,Owl,18
2011-09-11,10:02,Moose,3
2011-09-11,22:03,Moose,27
2011-09-11,13:18,Owl,21
2011-09-11,03:06,Owl,40
2011-09-11,14:11,Wolverine,29
2011-09-12,21:34,Elk,11
2011-09-12,02:53,Elk,37
2011-09-13,03:08,Ptarmigan,25
2011-09-13,13:22,Wolverine,32
2011-09-13,11:40,Muskox,31
2011-09-14,05:00,Wolf,5
2011-09-14,22:27,Fox,23
2011-09-15,23:22,Grizzly,9
2011-09-16,01:21,Owl,41
2011-09-16,14:08,Ptarmigan,25
2011-09-16,18:09,Fox,19
2011-09-16,03:13,Grizzly,1
2011-09-17,11:36,Wolf,14
2011-09-17,16:35,Fox,33
2011-09-18,02:08,Ptarmigan,34
2011-09-19,13:35,Wolverine,15
2011-09-20,09:12,Fox,40
2011-09-20,09:30,Fox,6
2011-09-20,10:31,Moose,21
2011-09-20,20:20,Owl,2
2011-09-21,21:39,Fox,9
2011-09-22,02:21,Grizzly,28
2011-09-23,21:02,Grizzly,25
2011-09-23,00:06,Owl,29
2011-09-23,23:45,Moose,25
2011-09-23,20:50,Wolverine,12
2011-09-24,00:21,Wolf,6
2011-09-24,14:21,Wolf,36
2011-09-25,07:44,Ptarmigan,7
2011-09-26,03:05,Ptarmigan,39
2011-09-26,06:55,Moose,38
2011-09-26,02:07,Grizzly,8
2011-09-26,14:19,Grizzly,34
2011-09-27,20:00,Ptarmigan,37
2011-09-27,19:47,Owl,5
2011-09-28,03:00,Owl,5
2011-09-29,14:34,Muskox,38
2011-09-30,02:00,Muskox,28
2011-09-30,11:56,Elk,12
2011-09-30,23:02,Grizzly,33
2011-09-30,01:22,Wolverine,37
2011-10-01,04:29,Owl,20
2011-10-01,01:52,Grizzly,31
2011-10-01,12:04,Fox,14
2011-10-01,09:09,Fox,14
2011-10-02,02:39,Wolf,38
2011-10-02,23:48,Wolf,12
2011-10-03,20:27,Ptarmigan,1
2011-10-04,08:53,Fox,4
2011-10-04,16:27,Owl,28
2011-10-05,20:17,Fox,34
2011-10-06,04:09,Muskox,31
2011-10-06,05:41,Moose,20
2011-10-06,07:01,Wolf,38
2011-10-07,03:12,Grizzly,34
2011-10-08,08:20,Wolf,10
2011-10-08,01:46,Wolf,2
2011-10-09,22:25,Fox,19
2011-10-09,10:16,Wolf,10
2011-10-10,13:30,Wolverine,23
2011-10-10,00:45,Grizzly,4
2011-10-10,16:51,Grizzly,40
2011-10-10,18:23,Fox,5
2011-10-10,02:42,Fox,8
2011-10-10,10:04,Ptarmigan,1
2011-10-11,03:54,Elk,27
2011-10-12,16:38,Grizzly,17
2011-10-12,14:57,Owl,38
2011-10-13,16:07,Moose,23
2011-10-14,12:26,Grizzly,15
2011-10-14,10:48,Elk,5
2011-10-15,07:19,Ptarmigan,37
2011-10-15,20:26,Grizzly,28
2011-10-16,00:19,Moose,30
2011-10-17,13:41,Fox,15
2011-10-17,14:05,Muskox,23
2011-10-18,20:26,Moose,42
2011-10-18,01:18,Ptarmigan,22
2011-10-18,18:53,Fox,20
2011-10-18,05:50,Wolverine,3
2011-10-18,21:40,Muskox,3
2011-10-18,02:54,Owl,26
2011-10-18,01:28,Grizzly,8
2011-10-18,20:28,Wolf,38
2011-10-18,15:55,Muskox,33
2011-10-18,09:12,Wolverine,30
2011-10-19,03:30,Moose,8
2011-10-19,12:34,Fox,9
2011-10-20,22:44,Wolverine,28
2011-10-20,03:52,Fox,31
2011-10-21,05:45,Owl,16
2011-10-22,15:47,Owl,13
2011-10-22,18:57,Muskox,41
2011-10-23,18:39,Fox,39
2011-10-24,11:24,Moose,11
2011-10-25,23:32,Ptarmigan,22
2011-10-26,16:05,Wolverine,39
2011-10-26,07:06,Owl,25
2011-10-27,18:32,Wolverine,41
2011-10-28,22:44,Grizzly,20
2011-10-29,08:18,Wolverine,31
2011-10-30,05:51,Moose,39
2011-10-31,13:59,Grizzly,21
2011-11-01,23:58,Ptarmigan,17
2011-11-02,19:54,Owl,33
2011-11-02,16:55,Wolf,23
2011-11-02,01:48,Muskox,31
2011-11-03,22:26,Elk,35
2011-11-04,02:25,Ptarmigan,27
2011-11-04,16:36,Muskox,8
2011-11-04,21:49,Wolf,23
2011-11-04,22:19,Elk,9
2011-11-04,13:23,Fox,8
2011-11-04,13:36,Grizzly,3
2011-11-05,07:50,Ptarmigan,1
2011-11-05,18:50,Owl,10
2011-11-05,05:14,Fox,21
2011-11-05,00:59,Grizzly,13
2011-11-05,04:13,Ptarmigan,14
2011-11-06,19:27,Muskox,34
2011-11-06,17:44,Grizzly,7
2011-11-07,04:53,Wolf,5
2011-11-07,01:18,Ptarmigan,3
2011-11-08,15:44,Wolverine,38
2011-11-08,01:14,Moose,15
2011-11-08,14:10,Elk,23
2011-11-08,11:35,Grizzly,15
2011-11-09,00:22,Wolf,16
2011-11-09,01:08,Owl,21
2011-11-10,13:21,Grizzly,33
2011-11-10,09:00,Ptarmigan,29
2011-11-10,20:58,Ptarmigan,30
2011-11-10,22:21,Owl,12
2011-11-10,09:55,Moose,13
2011-11-10,14:40,Elk,5
2011-11-10,17:41,Fox,9
2011-11-10,12:41,Moose,3
2011-11-11,15:02,Fox,35
2011-11-12,01:20,Fox,30
2011-11-13,04:56,Moose,36
2011-11-13,03:50,Muskox,10
2011-11-13,04:56,Owl,33
2011-11-13,09:30,Elk,13
2011-11-14,19:39,Moose,19
2011-11-15,14:02,Muskox,33
2011-11-16,00:20,Fox,18
2011-11-17,05:58,Fox,38
2011-11-17,10:54,Owl,3
2011-11-17,23:21,Fox,35
2011-11-17,21:52,Owl,10
2011-11-17,17:55,Ptarmigan,29
2011-11-17,04:51,Owl,12
2011-11-17,16:54,Grizzly,12
2011-11-18,01:02,Moose,24
2011-11-19,08:24,Grizzly,16
2011-11-20,20:47,Moose,36
2011-11-21,18:18,Muskox,10
2011-11-22,11:30,Elk,42
2011-11-23,18:54,Wolf,34
2011-11-24,05:35,Muskox,12
2011-11-25,00:45,Ptarmigan,34
2011-11-25,22:29,Wolf,16
2011-11-25,21:56,Owl,27
2011-11-26,10:11,Owl,19
2011-11-26,16:42,Wolverine,23
2011-11-26,04:31,Wolverine,14
2011-11-27,10:45,Ptarmigan,38
2011-11-27,01:21,Elk,3
2011-11-27,09:29,Elk,28
2011-11-28,08:59,Wolverine,13
2011-11-29,17:00,Owl,11
2011-11-29,23:53,Wolf,8
2011-11-29,08:18,Moose,9
2011-11-29,21:20,Grizzly,30
2011-11-29,11:37,Moose,10
2011-11-30,19:15,Owl,41
2011-12-01,22:00,Wolf,8
2011-12-01,18:52,Elk,6
2011-12-02,18:15,Ptarmigan,6
2011-12-02,06:42,Wolverine,30
2011-12-02,10:59,Muskox,26
2011-12-02,22:00,Muskox,17
2011-12-03,08:45,Owl,6
2011-12-04,09:23,Wolverine,5
2011-12-04,19:33,Ptarmigan,37
2011-12-04,18:57,Grizzly,23
2011-12-05,22:10,Ptarmigan,35
2011-12-06,03:49,Muskox,37
2011-12-06,05:56,Moose,1
2011-12-06,19:55,Owl,38
2011-12-06,11:24,Elk,8
2011-12-07,07:23,Elk,7
2011-12-07,11:30,Ptarmigan,5
2011-12-08,23:27,Fox,39
2011-12-09,19:44,Elk,9
2011-12-09,22:52,Wolverine,8
2011-12-09,15:32,Moose,3
2011-12-10,13:17,Muskox,6
2011-12-10,13:13,Wolverine,1
2011-12-11,23:39,Muskox,16
